{
    "timestamp": "20250125_172912",
    "model_parameters": {
        "input_dim": 131072,
        "hidden_dims": [
            64,
            32
        ],
        "learning_rate": 0.001,
        "l2_reg": 0.01
    },
    "training": {
        "losses": [
            14.126575277637738,
            14.126289545606376,
            14.126003837251472,
            14.125718152576475,
            14.125432491584828,
            14.125146854279958,
            14.121094901948807,
            14.120809312027687,
            14.120523745803515,
            14.120238203279653,
            14.119952684459442,
            14.11966718934621,
            14.11938171794327,
            14.115392703014079,
            14.115107279041606,
            14.114821878789266,
            14.114536502260318,
            14.114251149457987,
            14.1139658203855,
            14.110037661182504,
            14.109752379579307,
            14.109467121715525,
            14.109181887594305,
            14.108896677218805,
            14.108611490592141,
            14.104742228718358,
            14.104457089598704,
            14.104171974237186,
            14.103886882636875,
            14.103601814800829,
            14.103316770732075,
            14.099504541052445,
            14.099219544527351,
            14.098934571778583,
            14.09864962280912,
            14.098364697621934,
            14.098079796219961,
            14.094322821032021,
            14.094037967209285,
            14.093753137180546,
            14.09346833094867,
            14.093183548516565,
            14.09289878988708,
            14.089195373540075,
            14.088910662524365,
            14.088625975319783,
            14.088341311929135,
            14.088056672355211,
            14.084405172454684,
            14.084120580522532
        ],
        "final_predictions": [
            0.9999999999999862,
            1.011357708364708e-23,
            4.0781477531575766e-13
        ],
        "true_labels": [
            1,
            0,
            0
        ]
    },
    "performance": {
        "final_loss": 14.084120580522532,
        "accuracy": 1.0
    }
}