{
    "timestamp": "20250128_200400",
    "model_parameters": {
        "baseline": {
            "input_dim": 131072,
            "hidden_dims": [
                64,
                32
            ],
            "learning_rate": 0.001,
            "l2_reg": 0.01
        },
        "optimized": {
            "input_dim": 131072,
            "hidden_dims": [
                64,
                32
            ],
            "initial_learning_rate": 0.005,
            "momentum": 0.95,
            "l2_reg": 0.005
        }
    },
    "training": {
        "losses": {
            "baseline": [
                0.0015862554938428,
                0.0012090341535608395,
                0.0010015381797432866,
                0.000865729743406765,
                0.0007680972097159046,
                0.000693612114009495,
                0.0006349743123952235,
                0.0005875133691237199,
                0.0005475241900568408,
                0.0005132548624845128,
                0.00048348027479852123,
                0.0004573143248883806,
                0.00043409794643428857,
                0.00041332926656439,
                0.0003946498110389018,
                0.00037800673365015225,
                0.0003628023054747035,
                0.0003488490048695929,
                0.0003359916286971761,
                0.00032410045754227123,
                0.00031306611216499965,
                0.0003027956270973471,
                0.0002932094144388487,
                0.00028423888833241856,
                0.0002758245863597834,
                0.00026791466927542264,
                0.0002604709375104146,
                0.00025358220928865804,
                0.00024706465837266294,
                0.00024088807449416916,
                0.00023502552776432316,
                0.00022945292574968164,
                0.00022414864159298845,
                0.00021909320006643592,
                0.00021426901116537535,
                0.00020966014294969458,
                0.00020525212696483798,
                0.00020103179085369523,
                0.00019698711377357927,
                0.00019310710103101185,
                0.00018938167498287823,
                0.00018580157976532218,
                0.0001823582978251763,
                0.0001790439765612583,
                0.00017585136366058527,
                0.0001727737499361171,
                0.00016980491865969342,
                0.00016693910053480136,
                0.0001641709335826936,
                0.00016149542732147912
            ],
            "optimized": [
                6.256360681835944,
                12.004482264064738,
                15.348307058287295,
                15.350567276317577,
                15.350567286626914,
                15.350567286626971,
                15.350567286626971,
                15.350567286626971,
                15.350567286626971,
                15.350567286626971,
                15.350567286626971,
                15.350567286626971,
                15.350567286626971,
                15.350567286626971,
                15.350567286626971,
                15.350567286626971,
                15.350567286626971,
                15.350567286626971,
                15.350567286626971,
                15.350567286626971,
                15.350567286626971,
                15.350567286626971,
                15.350567286626971,
                15.350567286626971,
                15.350567286626971,
                15.350567286626971,
                15.350567286626971,
                15.350567286626971,
                15.350567286626971,
                15.350567286626971,
                15.350567286626971,
                15.350567286626971,
                15.350567286626971,
                15.350567286626971,
                15.350567286626971,
                15.350567286626971,
                15.350567286626971,
                15.350567286626971,
                15.350567286626971,
                15.350567286626971,
                15.350567286626971,
                15.350567286626971,
                15.350567286626971,
                15.350567286626971,
                15.350567286626971,
                15.350567286626971,
                15.350567286626971,
                15.350567286626971,
                15.350567286626971,
                15.350567286626971
            ]
        },
        "predictions": {
            "baseline": [
                0.9999978327663395,
                0.0002704878210346806,
                0.00021177220959443707
            ],
            "optimized": [
                1.0,
                4.332333323569358e-144,
                1.8720747583353543e-151
            ]
        },
        "true_labels": [
            1,
            0,
            0
        ]
    },
    "performance": {
        "baseline": {
            "final_loss": 0.00016149542732147912,
            "accuracy": 1.0
        },
        "optimized": {
            "final_loss": 15.350567286626971,
            "accuracy": 1.0
        }
    }
}