{
    "timestamp": "20250128_201042",
    "model_parameters": {
        "baseline": {
            "input_dim": 131072,
            "hidden_dims": [
                64,
                32
            ],
            "learning_rate": 0.001,
            "l2_reg": 0.01
        },
        "optimized": {
            "input_dim": 131072,
            "hidden_dims": [
                64,
                32
            ],
            "initial_learning_rate": 0.005,
            "momentum": 0.95,
            "l2_reg": 0.005
        }
    },
    "training": {
        "losses": {
            "baseline": [
                0.0036134099979442274,
                0.0028183508840933795,
                0.0023899205431254797,
                0.002065498300871882,
                0.0016897622590464456,
                0.0014598845783185862,
                0.001297156763718937,
                0.0011735654177649508,
                0.0010755158117517827,
                0.0009953741078417306,
                0.0009292685871947213,
                0.0008725746875884524,
                0.0008232608658274806,
                0.000780122724694807,
                0.0007425717901988629,
                0.0007087913657464155,
                0.0006782047993139123,
                0.0006504008096288305,
                0.0006257527289293835,
                0.0006030076633534766,
                0.000581943774677584,
                0.0005623735769248937,
                0.0005441373693577063,
                0.000527098147404347,
                0.000511137612572649,
                0.0004961530105205956,
                0.0004824911393338056,
                0.00046991349133476907,
                0.0004580117603713153,
                0.00044673036590692634,
                0.0004360198832508374,
                0.0004258361906500545,
                0.0004161397572090612,
                0.0004068950448507273,
                0.0003980700032582649,
                0.00038963564111611,
                0.0003815656603334986,
                0.00037383614255920907,
                0.00036642527933929397,
                0.00035931313888582536,
                0.00035248146370474054,
                0.0003459134943515859,
                0.00033959381540536515,
                0.0003335082204118021,
                0.0003276435930861167,
                0.00032201455057430573,
                0.0003166146160248976,
                0.0003113973143357744,
                0.0003063533450024944,
                0.00030147404032486707
            ],
            "optimized": [
                14.629583980855578,
                15.350567286626971,
                15.350567286626971,
                15.350567286626971,
                15.350567286626971,
                15.350567286626971,
                15.350567286626971,
                15.350567286626971,
                15.350567286626971,
                15.350567286626971,
                15.350567286626971,
                15.350567286626971,
                15.350567286626971,
                15.350567286626971,
                15.350567286626971,
                15.350567286626971,
                15.350567286626971,
                15.350567286626971,
                15.350567286626971,
                15.350567286626971,
                15.350567286626971,
                15.350567286626971,
                15.350567286626971,
                15.350567286626971,
                15.350567286626971,
                15.350567286626971,
                15.350567286626971,
                15.350567286626971,
                15.350567286626971,
                15.350567286626971,
                15.350567286626971,
                15.350567286626971,
                15.350567286626971,
                15.350567286626971,
                15.350567286626971,
                15.350567286626971,
                15.350567286626971,
                15.350567286626971,
                15.350567286626971,
                15.350567286626971,
                15.350567286626971,
                15.350567286626971,
                15.350567286626971,
                15.350567286626971,
                15.350567286626971,
                15.350567286626971,
                15.350567286626971,
                15.350567286626971,
                15.350567286626971,
                15.350567286626971
            ]
        },
        "predictions": {
            "baseline": [
                0.9994566555378334,
                0.00036085771874742883,
                7.150155859818025e-09
            ],
            "optimized": [
                1.0,
                7.124576406741285e-218,
                7.124576406741285e-218
            ]
        },
        "true_labels": [
            1,
            0,
            0
        ]
    },
    "performance": {
        "baseline": {
            "final_loss": 0.00030147404032486707,
            "accuracy": 1.0
        },
        "optimized": {
            "final_loss": 15.350567286626971,
            "accuracy": 1.0
        }
    }
}